-- phpMyAdmin SQL Dump
-- version 4.7.7
-- https://www.phpmyadmin.net/
--
-- Хост: 127.0.0.1:3306
-- Время создания: Июн 12 2021 г., 08:39
-- Версия сервера: 5.6.38
-- Версия PHP: 7.2.0

SET SQL_MODE = "NO_AUTO_VALUE_ON_ZERO";
SET AUTOCOMMIT = 0;
START TRANSACTION;
SET time_zone = "+00:00";


/*!40101 SET @OLD_CHARACTER_SET_CLIENT=@@CHARACTER_SET_CLIENT */;
/*!40101 SET @OLD_CHARACTER_SET_RESULTS=@@CHARACTER_SET_RESULTS */;
/*!40101 SET @OLD_COLLATION_CONNECTION=@@COLLATION_CONNECTION */;
/*!40101 SET NAMES utf8mb4 */;

--
-- База данных: `yume_chizu`
--
CREATE DATABASE IF NOT EXISTS `yume_chizu` DEFAULT CHARACTER SET utf8 COLLATE utf8_general_ci;
USE `yume_chizu`;

-- --------------------------------------------------------

--
-- Структура таблицы `combinations`
--

CREATE TABLE `combinations` (
  `ID` int(11) NOT NULL,
  `combination` varchar(200) NOT NULL,
  `kana` varchar(200) NOT NULL,
  `translation` varchar(200) NOT NULL
) ENGINE=InnoDB DEFAULT CHARSET=utf8;

--
-- Дамп данных таблицы `combinations`
--

INSERT INTO `combinations` (`ID`, `combination`, `kana`, `translation`) VALUES
(4, '中学生', 'ちゅうがくせい', 'ученик средней школы'),
(5, '二日', 'ふつか', 'второй день месяца'),
(6, '先生', 'せんせい', 'учитель'),
(7, '大学', 'だいがく', 'университет'),
(9, '日本', 'にほん', 'Япония'),
(10, '日本人', 'にほんじん', 'японец'),
(11, '日本語', 'にほんご', 'японский язык'),
(29, '一年生', 'いちねんせい', 'первокурсник'),
(30, '一日', 'ついたち', 'первый день месяца'),
(31, '本日', 'ほんじつ', 'сегодня'),
(32, '今日', 'きょう', 'сегодня'),
(34, '三日', 'みっか', 'третий день месяца');

-- --------------------------------------------------------

--
-- Структура таблицы `kanji`
--

CREATE TABLE `kanji` (
  `ID` int(11) NOT NULL,
  `kanji_view` varchar(50) NOT NULL,
  `key_num` int(11) NOT NULL,
  `kanji_ons_kana` varchar(1000) DEFAULT NULL,
  `kanji_kuns_kana` varchar(1000) DEFAULT NULL,
  `kanji_search` varchar(1000) NOT NULL
) ENGINE=InnoDB DEFAULT CHARSET=utf8;

--
-- Дамп данных таблицы `kanji`
--

INSERT INTO `kanji` (`ID`, `kanji_view`, `key_num`, `kanji_ons_kana`, `kanji_kuns_kana`, `kanji_search`) VALUES
(3, '中', 2, 'チュウ - центр, середина', 'なか - в, внутри; うち - среди, из', '中, チュウ, центр, середина, なか, в, внутри, うち, среди, из'),
(4, '二', 7, 'ニ', 'ふたつ - два', '二, ニ, ふたつ, два'),
(5, '人', 9, 'ニン, ジン', 'ひと - человек, люди', '人, ニン, ジン, ひと, человек, люди'),
(6, '何', 9, 'カ', 'なに, なん - что', '何, カ, なに, なん, что'),
(7, '先', 10, 'セン', 'さき - раньше, впереди', '先, セン, さき, раньше, впереди'),
(8, '四', 31, 'シ', 'よっつ, よん, よ - четыре', '四, シ, よっつ, よん, よ, четыре'),
(9, '土', 32, 'ド', 'つち - земля', '土, ド, つち, земля'),
(10, '大', 37, 'ダイ, タイ', 'おおきい - большой, великий', '大, ダイ, タイ, おおきい, большой, великий'),
(11, '字', 39, 'ジ - иероглиф, буква', '', '字, ジ, иероглиф, буква, '),
(12, '学', 39, 'ガク - учеба', 'まなぶ - учиться', '学, ガク, учеба, まなぶ, учиться'),
(13, '室', 40, 'シツ', '', '室, シツ, '),
(14, '山', 46, 'サン', 'やま - гора', '山, サン, やま, гора'),
(15, '年', 51, 'ネン', 'とし - год', '年, ネン, とし, год'),
(16, '文', 67, 'ブン - литература, текст, культура', 'もん - предложение, письмо', '文, ブン, литература, текст, культура, もん, предложение, письмо'),
(17, '方', 70, 'ホー - сторона, направление', 'かた - человек, лицо', '方, ホー, сторона, направление, かた, человек, лицо'),
(18, '日', 72, 'ニチ, ジツ', 'ひ, か - день, солнце', '日, ニチ, ジツ, ひ, か, день, солнце'),
(19, '木', 75, 'モク, ボク', 'き - дерево', '木, モク, ボク, き, дерево'),
(20, '本', 75, 'ホン - 1) основа\r\n2) книга\r\n3) данный', 'もと - основа', '本, ホン, основа\r\nкнига\r\nданный, もと, основа'),
(21, '生', 100, 'セイ, ショウ - жизнь, живой', 'うむ - рождать; うまれる - рождаться; いきる - жить, быть живым; なま - сырой, неспелый', '生, セイ, ショウ, жизнь, живой, うむ, рождать, うまれる, рождаться, いきる, жить, быть живым, なま, сырой, неспелый'),
(22, '田', 102, 'デン', 'た - поле', '田, デン, た, поле'),
(23, '私', 115, 'シ - частный', 'わたし, わたくし - я', '私, シ, частный, わたし, わたくし, я'),
(24, '話', 149, 'ワ', 'はなす - разговаривать, говорить; はなし - разговор, беседа', '話, ワ, はなす, разговаривать, говорить, はなし, разговор, беседа'),
(25, '語', 149, 'ゴ - 1) слово, 2) язык', 'かたる - говорить, повествовать', '語, ゴ, слово, язык, かたる, говорить, повествовать'),
(27, '一', 1, 'イチ, イツ', 'ひとつ - один', '一, イチ, イツ, ひとつ, один'),
(28, '教', 66, 'キョウ - вера, учение', 'おしえる - преподавать, объяснять; おそわる - учиться, обучаться', '教, キョウ, вера, учение, おしえる, преподавать, объяснять, おそわる, учиться, обучаться'),
(29, '部', 163, 'ブ - часть, отдел, отделение', '', '部, ブ, часть, отдел, отделение, '),
(30, '七', 1, 'シチ', 'ななつ, なな, なの - семь', '七, シチ, ななつ, なな, なの, семь'),
(31, '八', 12, 'ハチ, ハッ', 'やっつ, よう, や - восемь', '八, ハチ, ハッ, やっつ, よう, や, восемь'),
(32, '九', 5, 'キュウ, ク', 'ここのつ - девять', '九, キュウ, ク, ここのつ, девять'),
(33, '十', 24, 'ジュウ, ジッ', 'とお - десять', '十, ジュウ, ジッ, とお, десять'),
(34, '火', 86, 'カ', 'ひ - огонь', '火, カ, ひ, огонь'),
(35, '今', 9, 'コン, キン', 'いま - сейчас, теперь', '今, コン, キン, いま, сейчас, теперь'),
(36, '六', 12, 'ロク', 'むっつ, むい, む - шесть', '六, ロク, むっつ, むい, む, шесть'),
(37, '友', 29, 'ユウ', 'とも - друг', '友, ユウ, とも, друг'),
(38, '五', 7, 'ゴ', 'いつつ - пять', '五, ゴ, いつつ, пять'),
(39, '図', 31, 'ズ, ト - чертеж, план, карта', 'はかる - планировать', '図, ズ, ト, чертеж, план, карта, はかる, планировать'),
(40, '英', 140, 'エイ - 1) выдающийся\r\n2) Англия, английский', '', '英, エイ, выдающийся\r\nАнглия, английский, '),
(41, '書', 73, 'ショ', 'かく - писать', '書, ショ, かく, писать'),
(42, '留', 102, 'リュウ, ル', 'とまる - останавливаться; とどまる - остановиться', '留, リュウ, ル, とまる, останавливаться, とどまる, остановиться'),
(43, '館', 184, 'カン - дом, здание', '', '館, カン, дом, здание, '),
(45, '三', 1, 'サン', 'みつ - три', '三, サン, みつ, три');

-- --------------------------------------------------------

--
-- Структура таблицы `kanji_combinations`
--

CREATE TABLE `kanji_combinations` (
  `combination` int(11) NOT NULL,
  `kanji` int(11) NOT NULL
) ENGINE=InnoDB DEFAULT CHARSET=utf8;

--
-- Дамп данных таблицы `kanji_combinations`
--

INSERT INTO `kanji_combinations` (`combination`, `kanji`) VALUES
(4, 3),
(5, 4),
(10, 5),
(6, 7),
(7, 10),
(4, 12),
(7, 12),
(29, 15),
(5, 18),
(9, 18),
(10, 18),
(11, 18),
(30, 18),
(31, 18),
(32, 18),
(34, 18),
(9, 20),
(10, 20),
(11, 20),
(31, 20),
(4, 21),
(6, 21),
(29, 21),
(11, 25),
(29, 27),
(30, 27),
(32, 35),
(34, 45);

-- --------------------------------------------------------

--
-- Структура таблицы `kanji_keys`
--

CREATE TABLE `kanji_keys` (
  `ID` int(11) NOT NULL,
  `key_number` int(11) NOT NULL,
  `key_view` varchar(50) NOT NULL,
  `key_name` varchar(50) NOT NULL
) ENGINE=InnoDB DEFAULT CHARSET=utf8;

--
-- Дамп данных таблицы `kanji_keys`
--

INSERT INTO `kanji_keys` (`ID`, `key_number`, `key_view`, `key_name`) VALUES
(1, 1, '一', 'один'),
(2, 2, '丨', 'прут'),
(3, 7, '二', 'два'),
(4, 9, '人', 'человек'),
(5, 10, '儿', 'ноги'),
(6, 31, '囗', 'коробка'),
(7, 32, '土', 'земля'),
(8, 37, '大', 'большой'),
(9, 39, '子', 'ребенок'),
(10, 40, '宀', 'у-каммури'),
(11, 46, '山', 'гора'),
(12, 51, '干', 'сухой'),
(13, 67, '文', 'литература'),
(14, 70, '方', 'направление'),
(15, 72, '日', 'день'),
(16, 75, '木', 'дерево'),
(17, 100, '生', 'рождаться'),
(18, 102, '田', 'поле'),
(19, 115, '禾', 'ость колоса'),
(20, 149, '言', 'слово'),
(21, 66, '攵', 'складной стул'),
(22, 163, '阝', 'большая деревня'),
(23, 12, '八', 'восемь'),
(24, 5, '乙', 'крючок'),
(25, 24, '十', 'десять'),
(26, 86, '火', 'огонь'),
(27, 29, '又', 'опять'),
(28, 140, '艹', 'трава'),
(29, 73, '曰', 'говорить'),
(30, 184, '食', 'еда');

-- --------------------------------------------------------

--
-- Структура таблицы `words`
--

CREATE TABLE `words` (
  `ID` int(11) NOT NULL,
  `word_kanji` varchar(500) DEFAULT NULL,
  `kana` varchar(200) NOT NULL,
  `translation` varchar(200) NOT NULL
) ENGINE=InnoDB DEFAULT CHARSET=utf8;

--
-- Дамп данных таблицы `words`
--

INSERT INTO `words` (`ID`, `word_kanji`, `kana`, `translation`) VALUES
(2, '家', 'いえ', 'дом'),
(3, '生きる', 'いきる', 'жить, быть живым'),
(4, NULL, 'いす', 'стул'),
(5, '中', 'うち', 'среди, из'),
(6, '生まれる', 'うまれる', 'рождаться'),
(7, '生む', 'うむ', 'рождать'),
(10, NULL, 'えいが', 'кинофильм'),
(11, '大きい', 'おおきい', 'большой, великий'),
(12, NULL, 'かご', 'корзина'),
(13, '方', 'かた', 'человек, лицо'),
(14, '語る', 'かたる', 'говорить, повествовать'),
(16, '木', 'き', 'дерево'),
(17, '子', 'こ', 'ребенок'),
(18, NULL, 'こえ', 'голос'),
(20, '先', 'さき', 'раньше, ранее, впереди'),
(21, '田', 'た', 'поле'),
(24, '土', 'つち', 'земля'),
(25, '年', 'とし', 'год'),
(26, '中', 'なか', 'в, внутри'),
(27, '何', 'なに, なん', 'что'),
(28, '生', 'なま', 'сырой, неспелый'),
(30, '話す', 'はなす', 'разговаривать, говорить'),
(31, '日', 'ひ, か', 'день, солнце'),
(32, '人', 'ひと', 'человек, люди'),
(34, '二つ', 'ふたつ', 'два'),
(35, '学ぶ', 'まなぶ', 'учиться'),
(38, '本', 'もと', 'основа'),
(39, '文', 'もん', 'предложение, письмо'),
(40, '山', 'やま', 'гора'),
(41, '四つ', 'よっつ, よん, よ', 'четыре'),
(42, '私', 'わたし, わたくし', 'я'),
(43, '五', 'いつ', 'пять'),
(44, '一つ', 'ひとつ', 'один'),
(47, '金', 'かね', 'деньги'),
(49, '', 'いいえ', 'нет'),
(50, '', 'え', 'картина'),
(51, '', 'ええ', 'да'),
(56, '', 'ぎし', 'инженер'),
(57, '', 'つくえ', 'стол'),
(58, '', 'どうぞ', 'пожалуйста'),
(59, '教', 'おしえる', 'преподавать, объяснять'),
(60, '教', 'おそわる', 'учиться, обучаться'),
(61, '七', 'ななつ, なな, なの', 'семь'),
(62, '八', 'やっつ, よう, や', 'восемь'),
(63, '九', 'ここのつ', 'девять'),
(64, '十', 'とお', 'десять'),
(65, '火', 'ひ', 'огонь'),
(66, '今', 'いま', 'сейчас, теперь'),
(67, '六', 'むっつ, むい, む', 'шесть'),
(68, '友', 'とも', 'друг'),
(69, '五', 'いつつ', 'пять'),
(70, '図', 'はかる', 'планировать'),
(71, '書', 'かく', 'писать'),
(72, '留', 'とまる', 'останавливаться'),
(73, '留', 'とどまる', 'остановиться'),
(75, '三', 'みつ', 'три');

--
-- Индексы сохранённых таблиц
--

--
-- Индексы таблицы `combinations`
--
ALTER TABLE `combinations`
  ADD PRIMARY KEY (`ID`),
  ADD UNIQUE KEY `combination` (`combination`);

--
-- Индексы таблицы `kanji`
--
ALTER TABLE `kanji`
  ADD PRIMARY KEY (`ID`),
  ADD UNIQUE KEY `kanji_view` (`kanji_view`),
  ADD KEY `ID_key` (`key_num`);

--
-- Индексы таблицы `kanji_combinations`
--
ALTER TABLE `kanji_combinations`
  ADD PRIMARY KEY (`combination`,`kanji`),
  ADD KEY `kanji` (`kanji`);

--
-- Индексы таблицы `kanji_keys`
--
ALTER TABLE `kanji_keys`
  ADD PRIMARY KEY (`ID`),
  ADD UNIQUE KEY `key_number` (`key_number`) USING BTREE;

--
-- Индексы таблицы `words`
--
ALTER TABLE `words`
  ADD PRIMARY KEY (`ID`),
  ADD UNIQUE KEY `kana` (`kana`,`translation`);

--
-- AUTO_INCREMENT для сохранённых таблиц
--

--
-- AUTO_INCREMENT для таблицы `combinations`
--
ALTER TABLE `combinations`
  MODIFY `ID` int(11) NOT NULL AUTO_INCREMENT, AUTO_INCREMENT=35;

--
-- AUTO_INCREMENT для таблицы `kanji`
--
ALTER TABLE `kanji`
  MODIFY `ID` int(11) NOT NULL AUTO_INCREMENT, AUTO_INCREMENT=46;

--
-- AUTO_INCREMENT для таблицы `kanji_keys`
--
ALTER TABLE `kanji_keys`
  MODIFY `ID` int(11) NOT NULL AUTO_INCREMENT, AUTO_INCREMENT=31;

--
-- AUTO_INCREMENT для таблицы `words`
--
ALTER TABLE `words`
  MODIFY `ID` int(11) NOT NULL AUTO_INCREMENT, AUTO_INCREMENT=76;

--
-- Ограничения внешнего ключа сохраненных таблиц
--

--
-- Ограничения внешнего ключа таблицы `kanji`
--
ALTER TABLE `kanji`
  ADD CONSTRAINT `kanji_ibfk_1` FOREIGN KEY (`key_num`) REFERENCES `kanji_keys` (`key_number`) ON DELETE CASCADE ON UPDATE CASCADE;

--
-- Ограничения внешнего ключа таблицы `kanji_combinations`
--
ALTER TABLE `kanji_combinations`
  ADD CONSTRAINT `kanji_combinations_ibfk_1` FOREIGN KEY (`combination`) REFERENCES `combinations` (`ID`) ON DELETE CASCADE ON UPDATE CASCADE,
  ADD CONSTRAINT `kanji_combinations_ibfk_2` FOREIGN KEY (`kanji`) REFERENCES `kanji` (`ID`) ON DELETE CASCADE ON UPDATE CASCADE;
COMMIT;

/*!40101 SET CHARACTER_SET_CLIENT=@OLD_CHARACTER_SET_CLIENT */;
/*!40101 SET CHARACTER_SET_RESULTS=@OLD_CHARACTER_SET_RESULTS */;
/*!40101 SET COLLATION_CONNECTION=@OLD_COLLATION_CONNECTION */;
